Usuario1;Tiempo1
Usuario2;Tiempo2
Libro_16
Libro_26
Libro_27
Libro_37
Libro_60
Libro_62
Libro_74
Libro_75
Libro_76
Libro_90
Libro_95
Libro_109
Libro_112
Libro_137
Libro_145
Libro_148
Libro_150
Libro_158
Libro_162
Libro_169
Libro_175
Libro_177
Libro_188
Libro_192
Libro_221
Libro_222
Libro_241
Libro_243
Libro_255
Libro_275
Libro_283
Libro_285
Libro_287
Libro_288
Libro_298
Libro_299
Libro_302
Libro_303
Libro_304
Libro_315
Libro_317
Libro_323
Libro_337
Libro_338
Libro_341
Libro_345
Libro_348
Libro_360
Libro_367
Libro_373
Libro_374
Libro_390
Libro_399
Libro_410
Libro_412
Libro_416
Libro_417
Libro_448
Libro_451
Libro_472
Libro_481
Libro_494
Libro_500
Libro_511
Libro_512
Libro_531
Libro_533
Libro_540
Libro_541
Libro_558
Libro_575
Libro_576
Libro_580
Libro_582
Libro_588
Libro_592
Libro_597
Libro_598
Libro_600
Libro_610
Libro_622
Libro_633
Libro_641
Libro_645
Libro_646
Libro_649
Libro_658
Libro_663
Libro_667
Libro_668
Libro_671
Libro_673
Libro_682
Libro_694
Libro_695
Libro_699
Libro_701
Libro_704
Libro_713
Libro_722
Libro_723
Libro_743
Libro_744
Libro_746
Libro_756
Libro_771
Libro_782
Libro_785
Libro_789
Libro_791
Libro_797
Libro_805
Libro_809
Libro_811
Libro_814
Libro_829
Libro_834
Libro_837
Libro_859
Libro_863
Libro_866
Libro_871
Libro_895
Libro_898
Libro_904
Libro_927
Libro_955
Libro_960
Libro_967
Libro_975
Libro_979
Libro_980
Libro_985
Libro_992
